{"cameraMode":{"drawMode":0,"name":"Shaded","section":"Shading Mode"},"sceneLighting":true,"audioPlay":false,"sceneViewState":{"showFog":true,"showMaterialUpdate":false,"showSkybox":true,"showFlares":true,"showImageEffects":true,"showParticleSystems":true},"in2DMode":false,"pivot":{"x":0.7689086198806763,"y":1.8387638330459595,"z":0.25656843185424807},"rotation":{"x":-0.08738874644041062,"y":0.9101701974868774,"z":-0.2492632269859314,"w":-0.31909555196762087},"size":1.4236068725585938,"orthographic":false}