{"cameraMode":{"drawMode":0,"name":"Shaded","section":"Shading Mode"},"sceneLighting":true,"audioPlay":false,"sceneViewState":{"showFog":true,"showMaterialUpdate":false,"showSkybox":true,"showFlares":true,"showImageEffects":true,"showParticleSystems":true},"in2DMode":false,"pivot":{"x":2.640268325805664,"y":2.07116436958313,"z":0.49250292778015139},"rotation":{"x":-0.06936092674732208,"y":0.9014057517051697,"z":-0.1573404222726822,"w":-0.3973642885684967},"size":5.511804103851318,"orthographic":false}