{"cameraMode":{"drawMode":0,"name":"Shaded","section":"Shading Mode"},"sceneLighting":true,"audioPlay":false,"sceneViewState":{"showFog":true,"showMaterialUpdate":false,"showSkybox":true,"showFlares":true,"showImageEffects":true,"showParticleSystems":true},"in2DMode":false,"pivot":{"x":0.9449371099472046,"y":2.2380056381225588,"z":0.8005136847496033},"rotation":{"x":0.0045986357145011429,"y":0.9923610687255859,"z":-0.11695036292076111,"w":0.03902075067162514},"size":0.9763931632041931,"orthographic":false}